id	odin_type	field	class	owner	release_rule	source_path	source_lines	author	reviewer_1	reviewer_2	status
language-own-001	Parser	source	borrowed Source view	caller	caller retains exact Source name and byte backing unchanged until destroy_parser succeeds	src/syntax/parser.odin	78-118	codex-language-parser			proposed
language-own-002	Parser	scanner	owned address-stable Scanner	Parser	destroy_parser calls destroy_scanner first and preserves the parser for retry on genuine allocator Free failure	src/syntax/parser.odin	78-118,159-193	codex-language-parser			proposed
language-own-003	Parser	nodes	owned fallible node buffer	Parser	growth keeps old and replacement handles explicit until release transfers ownership; destroy_parser retries pending transfer and preserves every handle on genuine Free failure	src/syntax/parser.odin;src/syntax/fallible_buffer.odin	78-118,159-193;11-115	codex-language-parser-fixer			proposed
language-own-004	Node	span and name_span	borrowed source spans	Parser source borrow	spans own no bytes and become unusable when the caller ends the Source borrow	src/syntax/parser.odin	17-30	codex-language-parser			proposed
language-own-005	Parse_Outcome	root	borrowed arena index	Parser	valid only for Success and only until destroy_parser begins	src/syntax/parser.odin	60-68,121-143	codex-language-parser			proposed
language-own-006	parser_nodes	returned slice	borrowed arena view	Parser	caller must not free or retain the slice beyond parser destruction	src/syntax/parser.odin	145-151	codex-language-parser			proposed
language-own-007	Node	child and left/right	borrowed arena indices	Parser	indices own no storage and remain valid only while the Parser-owned node arena is queryable	src/syntax/parser.odin	17-30	codex-language-parser			proposed
language-own-008	Scanner	states	owned fallible lexer-state buffer	Scanner	growth retains both active and replacement allocations after old-block release failure; destroy_scanner retries transfer and cleanup with its captured allocator	src/syntax/package.odin;src/syntax/fallible_buffer.odin	126-190;11-115	codex-language-parser-fixer			proposed
language-own-009	Fallible_Buffer	replacement	conditional pending owner	containing Parser or Scanner	present only during Transfer_Pending; retry releases or retires storage before transferring replacement, and failures preserve both handles	src/syntax/fallible_buffer.odin	11-115	codex-language-parser-fixer			proposed
